{"_timestamp":1.7423142955164905e+09,"_wandb":{"runtime":47},"_runtime":47.4862255,"_step":9,"auc":75.23,"acc":54.18,"doa":81.64}