{"_step":9,"auc":70.58,"acc":54.18,"doa":82.49,"_timestamp":1.7423137319492981e+09,"_wandb":{"runtime":48},"_runtime":47.8803798}