{"acc":54.18,"doa":78.98,"_timestamp":1.742305876417766e+09,"_wandb":{"runtime":44},"_runtime":44.6028989,"_step":9,"auc":56.39}