{"acc":44.36,"doa":78.97,"_timestamp":1.7422958936989565e+09,"_runtime":105.1303923,"_wandb":{"runtime":105},"_step":2,"auc":79.92}