{"acc":54.18,"doa":86.98,"_timestamp":1.7423136475821235e+09,"_runtime":370.6370437,"_step":9,"_wandb":{"runtime":370},"auc":69.16}