{"_runtime":47.6686358,"_wandb":{"runtime":47},"_step":9,"auc":71.91,"acc":54.18,"doa":84.87,"_timestamp":1.7423142302984366e+09}