{"_runtime":49.3683665,"_step":9,"_wandb":{"runtime":49},"auc":76.54,"acc":65.22,"doa":81,"_timestamp":1.7423151740298123e+09}