{"doa":82.49,"_timestamp":1.7424673855481606e+09,"_runtime":300.9445824,"_step":49,"_wandb":{"runtime":301},"auc":79.1,"acc":68.92}