{"doa":81.9,"_timestamp":1.7424679548078222e+09,"_runtime":230.8862843,"_wandb":{"runtime":230},"_step":49,"auc":79.55,"acc":69.72}