{"train_loss":0.45636167837556,"_timestamp":1.7427954614551628e+09,"_runtime":838.536122,"_step":199,"auc":79.41,"acc":69.85,"doa":82.72,"_wandb":{"runtime":838}}