{"doa":80.95,"_timestamp":1.7423030946009421e+09,"_wandb":{"runtime":46},"_runtime":46.663825,"_step":9,"auc":68.72,"acc":54.18}