{"_step":7,"auc":65.14,"acc":54.18,"doa":92.18,"_wandb":{"runtime":573},"train_loss":0.6463892924519011,"_timestamp":1.742907541710787e+09,"_runtime":474.9499591}