{"auc":70.3,"_wandb":{"runtime":46},"acc":54.18,"doa":82.59,"_timestamp":1.7423140836497147e+09,"_runtime":46.4197117,"_step":9}