{"acc":54.18,"doa":80.67,"_timestamp":1.742300221981743e+09,"_runtime":52.9962551,"_step":9,"auc":67.44,"_wandb":{"runtime":53}}