{"_step":9,"_wandb":{"runtime":186},"auc":86.23,"acc":75.54,"_timestamp":1.742226923234472e+09,"_runtime":186.3665712}