{"_timestamp":1.7423033786571727e+09,"_runtime":47.4922605,"_step":9,"_wandb":{"runtime":47},"auc":78.42,"acc":65.45,"doa":81.54}