{"doa":81.1,"_wandb":{"runtime":54},"_timestamp":1.7423104324393563e+09,"_runtime":54.2168114,"_step":9,"auc":78.48,"acc":66.21}