{"_step":49,"_wandb":{"runtime":241},"auc":79.54,"acc":69.55,"doa":81.77,"_timestamp":1.7424692997884076e+09,"_runtime":241.6706654}