{"_runtime":48.1010515,"_step":9,"_wandb":{"runtime":48},"auc":69.14,"acc":54.18,"doa":82.33,"_timestamp":1.7423139127786705e+09}