{"doa":78.79,"_timestamp":1.7423079340522015e+09,"_runtime":48.7315185,"_step":9,"_wandb":{"runtime":48},"auc":60.27,"acc":54.18}