{"acc":67.26,"doa":81.51,"_wandb":{"runtime":213},"train_loss":0.5029357910727541,"_timestamp":1.7429114061517363e+09,"_runtime":213.6754138,"_step":39,"auc":78.76}