{"_runtime":47.8778222,"_wandb":{"runtime":48},"_step":9,"auc":69.87,"acc":54.18,"doa":82.07,"_timestamp":1.742313823422079e+09}