{"doa":82.74,"_timestamp":1.7423140074673514e+09,"_runtime":44.561292,"_step":9,"_wandb":{"runtime":44},"auc":70.49,"acc":54.18}