{"auc":79.59,"acc":69.12,"doa":81.91,"_timestamp":1.7424690177287302e+09,"_runtime":224.3852784,"_step":49,"_wandb":{"runtime":224}}