{"auc":70.26,"acc":54.18,"doa":80.67,"_timestamp":1.7423028419389925e+09,"_runtime":45.0057623,"_step":9,"_wandb":{"runtime":45}}