{"train_loss":0.4563648009755809,"_timestamp":1.742796360660476e+09,"_runtime":856.651242,"_step":199,"auc":79.34,"acc":70.56,"doa":82.68,"_wandb":{"runtime":856}}