{"acc":66.74,"doa":81.23,"_timestamp":1.7423102718076823e+09,"_runtime":52.1787939,"_step":9,"auc":78.59,"_wandb":{"runtime":52}}