{"_step":39,"acc":68.54,"doa":81.32,"auc":79.17,"_wandb":{"runtime":199},"train_loss":0.4911069717650977,"_timestamp":1.742909510114581e+09,"_runtime":199.1613178}