{"_wandb":{"runtime":48},"_step":9,"auc":75.89,"acc":55.32,"doa":83.58,"_timestamp":1.742314464921116e+09,"_runtime":48.502146}