{"_wandb":{"runtime":957},"_step":199,"train_loss":0.4532912872779142,"_timestamp":1.7427944676919923e+09,"_runtime":957.1092305,"doa":82.99,"auc":79.19,"acc":69.79}