{"acc":57.41,"doa":82.92,"_timestamp":1.7423145324732747e+09,"_runtime":46.6733549,"_step":9,"_wandb":{"runtime":46},"auc":75.24}