{"acc":54.18,"_wandb":{"runtime":46},"doa":80.89,"_timestamp":1.7423032120303686e+09,"_runtime":46.5644886,"_step":9,"auc":70.14}