{"train_loss":0.6866486697151257,"_timestamp":1.7429070115705636e+09,"_runtime":103.5325259,"_step":1,"auc":51.12,"acc":54.18,"doa":85.75,"_wandb":{"runtime":141}}