{"doa":46.09,"_wandb":{"runtime":331},"_timestamp":1.7423025858006592e+09,"_runtime":331.2386953,"_step":9,"auc":80.35,"acc":42.43}