{"auc":79.42,"acc":71.44,"doa":83.24,"_wandb":{"runtime":839},"train_loss":0.4674617463274847,"_timestamp":1.7424920536789463e+09,"_runtime":838.8305258,"_step":199}