{"_wandb":{"runtime":45},"acc":54.18,"doa":79.2,"_timestamp":1.7423059928553736e+09,"_runtime":45.3336746,"_step":9,"auc":60.9}