{"doa":81.37,"_timestamp":1.742314736962875e+09,"_runtime":47.6475139,"_step":9,"auc":72.07,"acc":62.24,"_wandb":{"runtime":47}}