{"auc":70.35,"acc":54.18,"doa":82.71,"_timestamp":1.7423003215540745e+09,"_runtime":55.1021087,"_step":9,"_wandb":{"runtime":55}}