{"_timestamp":1.74230094283441e+09,"_runtime":291.7820869,"_step":9,"auc":74.14,"acc":64.82,"doa":44.61,"_wandb":{"runtime":291}}