{"_wandb":{"runtime":440},"_runtime":440.1927884,"_step":99,"auc":79.79,"acc":70.71,"doa":82.79,"_timestamp":1.7424700502636633e+09}