{"_wandb":{"runtime":1099},"_timestamp":1.7423122033337457e+09,"_runtime":1099.5573113,"_step":9,"auc":69.26,"acc":54.18,"doa":86.69}