{"_step":9,"_wandb":{"runtime":49},"auc":77.77,"acc":66.74,"doa":81.23,"_timestamp":1.7423103552469609e+09,"_runtime":49.3373494}