{"auc":79.88,"acc":42.43,"doa":72.63,"_timestamp":1.7422952821432102e+09,"_wandb":{"runtime":87},"_runtime":87.0729736,"_step":2}