{"_wandb":{"runtime":202},"auc":79.91,"acc":68.1,"doa":81.66,"_timestamp":1.7424670453908012e+09,"_runtime":202.1225694,"_step":39}