{"_step":49,"auc":80.25,"_wandb":{"runtime":233},"acc":69.29,"doa":81.85,"_timestamp":1.742469564785153e+09,"_runtime":233.2656261}