{"_runtime":276.6516812,"_step":9,"_wandb":{"runtime":276},"auc":93.82,"acc":44.36,"doa":86.06,"_timestamp":1.7422928958231885e+09}