{"doa":89.07,"_timestamp":1.7423129463855832e+09,"_runtime":331.283088,"_step":9,"auc":67.53,"acc":54.18,"_wandb":{"runtime":331}}