{"_runtime":334.3197734,"_step":9,"auc":69.2,"_wandb":{"runtime":334},"acc":54.18,"doa":86.02,"_timestamp":1.7423110203937867e+09}