{"_step":9,"auc":77.09,"acc":65.99,"doa":81.12,"_timestamp":1.7423151067857027e+09,"_wandb":{"runtime":48},"_runtime":48.7608562}