{"_wandb":{"runtime":217},"_runtime":216.9244961,"_step":39,"train_loss":0.5047160878349036,"_timestamp":1.7429103548171396e+09,"auc":78.42,"acc":66.98,"doa":81.62}