{"_step":2,"auc":79.88,"acc":42.43,"_wandb":{"runtime":90},"doa":72.63,"_timestamp":1.7422957731464815e+09,"_runtime":90.7340896}