{"_timestamp":1.7423150111179512e+09,"_runtime":50.7437206,"_step":9,"_wandb":{"runtime":50},"auc":76.02,"acc":64.5,"doa":81.52}