{"_step":9,"_wandb":{"runtime":176},"auc":68.84,"acc":54.18,"doa":88.11,"_timestamp":1.7423057870415366e+09,"_runtime":176.5516509}