{"train_loss":0.6297817165684548,"auc":67.98,"acc":64.14,"doa":89.17,"_wandb":{"runtime":2405},"_timestamp":1.7429031074282787e+09,"_runtime":2405.6913931,"_step":39}