{"_timestamp":1.7423143992316988e+09,"_wandb":{"runtime":48},"_runtime":48.7554102,"_step":9,"auc":71.47,"acc":54.18,"doa":84.69}