{"auc":67.81,"acc":54.18,"doa":88.55,"_timestamp":1.7423132311689293e+09,"_runtime":235.3783164,"_step":9,"_wandb":{"runtime":235}}