{"_step":2,"auc":69.9,"acc":54.18,"doa":83.72,"_wandb":{"runtime":34},"_timestamp":1.7424794307771978e+09,"_runtime":34.6683162}