{"acc":70.71,"_wandb":{"runtime":677},"train_loss":0.45245904899850675,"_timestamp":1.7424900970126512e+09,"_runtime":676.9963194,"_step":199,"doa":82.79,"auc":79.79}