{"auc":79.73,"acc":68.36,"doa":81.4,"_timestamp":1.7424667360972316e+09,"_runtime":88.8704141,"_step":19,"_wandb":{"runtime":88}}