{"train_loss":0.49554562054503076,"_timestamp":1.7429100246066818e+09,"_runtime":209.3306138,"_step":39,"doa":81.55,"auc":78.95,"acc":68.25,"_wandb":{"runtime":209}}