{"_timestamp":1.7424801764503543e+09,"auc":69.9,"acc":54.18,"doa":83.72,"_wandb":{"runtime":21},"_runtime":21.1975663,"_step":5,"train_loss":0.6427694755264476}