{"_runtime":97.7871491,"_step":2,"auc":79.92,"acc":44.36,"_wandb":{"runtime":97},"doa":78.97,"_timestamp":1.7422932657473483e+09}