{"doa":81.2,"_timestamp":1.7424663680003438e+09,"_runtime":47.8066725,"_step":9,"auc":79.56,"_wandb":{"runtime":47},"acc":66.29}