{"_step":9,"auc":76.09,"acc":64.98,"doa":80.98,"_timestamp":1.742314633697657e+09,"_runtime":50.5920555,"_wandb":{"runtime":50}}