{"auc":67.44,"acc":54.18,"doa":80.67,"_timestamp":1.742302731014319e+09,"_wandb":{"runtime":44},"_runtime":44.6776069,"_step":9}