{"_step":199,"train_loss":0.4605550344582576,"_timestamp":1.7427973550797513e+09,"_runtime":947.7339851,"auc":79.6,"acc":69.57,"doa":83.22,"_wandb":{"runtime":948}}