{"auc":76.64,"acc":65.8,"doa":82.52,"_wandb":{"runtime":1461},"train_loss":0.5078783276354432,"_timestamp":1.7427924054710603e+09,"_runtime":1461.0292761,"_step":199}