{"train_loss":0.4564353821763567,"_timestamp":1.7427934796413705e+09,"_runtime":989.2360914,"_step":199,"auc":79.48,"acc":69.87,"doa":83.5,"_wandb":{"runtime":989}}