{"doa":81.49,"_wandb":{"runtime":214},"train_loss":0.49355170273552307,"_timestamp":1.742911161261849e+09,"_runtime":214.5824596,"_step":39,"auc":79.3,"acc":68.56}