{"_wandb":{"runtime":50},"auc":77.68,"acc":66.77,"doa":81.75,"_timestamp":1.7423105630226133e+09,"_runtime":50.466807,"_step":9}